{
    "AWSTemplateFormatVersion": "2010-09-09",
    "Description": "Miztiik Automation: Sample Template RDS_with_DBParameterGroup: Sample template showing how to create an Amazon RDS Database Instance with a DBParameterGroup.",
    "Parameters": {
        "DBName": {
            "Default": "MyDatabase",
            "Description": "The database name",
            "Type": "String",
            "MinLength": "1",
            "MaxLength": "64",
            "AllowedPattern": "[a-zA-Z][a-zA-Z0-9]*",
            "ConstraintDescription": "must begin with a letter and contain only alphanumeric characters."
        },
        "DBUser": {
            "NoEcho": "true",
            "Description": "The database admin account username",
            "Type": "String",
            "MinLength": "1",
            "MaxLength": "16",
            "AllowedPattern": "[a-zA-Z][a-zA-Z0-9]*",
            "ConstraintDescription": "must begin with a letter and contain only alphanumeric characters."
        },
        "DBPassword": {
            "NoEcho": "true",
            "Description": "The database admin account password",
            "Type": "String",
            "MinLength": "8",
            "MaxLength": "41",
            "AllowedPattern": "[a-zA-Z0-9]*",
            "ConstraintDescription": "must contain only alphanumeric characters."
        }
    },
    "Resources": {
        "MyDB": {
            "Type": "AWS::RDS::DBInstance",
            "Properties": {
                "Tags": [
                    {
                        "Key": "GithubRepo",
                        "Value": "https://github.com/miztiik/cfn-challenges"
                    },
                    {
                        "Key": "LearnCdk",
                        "Value": "https://www.udemy.com/course/aws-cloud-development-kit-from-beginner-to-professional"
                    },
                    {
                        "Key": "Owner",
                        "Value": "Mystique"
                    },
                    {
                        "Key": "OwnerProfile",
                        "Value": "https://github.com/miztiik"
                    },
                    {
                        "Key": "ToKnowMore",
                        "Value": "https://youtube.com/c/valaxytechnologies"
                    }
                ],
                "DBName": {
                    "Ref": "DBName"
                },
                "AllocatedStorage": "5",
                "DBInstanceClass": "db.t2.small",
                "Engine": "MySQL",
                "EngineVersion": "5.6.19",
                "MasterUsername": {
                    "Ref": "DBUser"
                },
                "MasterUserPassword": {
                    "Ref": "DBPassword"
                },
                "DBParameterGroupName": {
                    "Ref": "MyRDSParamGroup"
                }
            }
        },
        "MyRDSParamGroup": {
            "Type": "AWS::RDS::DBParameterGroup",
            "Properties": {
                "Family": "MySQL5.6",
                "Description": "CloudFormation Sample Database Parameter Group",
                "Parameters": {
                    "autocommit": "1",
                    "general_log": "1",
                    "old_passwords": "0"
                }
            }
        }
    },
    "Outputs": {
        "LearnCDK": {
            "Description": "Stop Writing Cloudformation.Infrastructure Is Code:Learn CDK",
            "Value": "https://www.udemy.com/course/aws-cloud-development-kit-from-beginner-to-professional/?referralCode=E15D7FB64E417C547579"
        },
        "JDBCConnectionString": {
            "Description": "JDBC connection string for the database",
            "Value": {
                "Fn::Join": [
                    "",
                    [
                        "jdbc:mysql://",
                        {
                            "Fn::GetAtt": [
                                "MyDB",
                                "Endpoint.Address"
                            ]
                        },
                        ":",
                        {
                            "Fn::GetAtt": [
                                "MyDB",
                                "Endpoint.Port"
                            ]
                        },
                        "/",
                        {
                            "Ref": "DBName"
                        }
                    ]
                ]
            }
        }
    }
}