{
  "AWSTemplateFormatVersion": "2010-09-09",
  "Description": "Miztiik Automation Template showing how to create a publicly accessible S3 bucket configured for website access with a deletion policy of retain on delete.",
  "Resources": {
    "S3Bucket": {
      "Type": "AWS::S3::Bucket",
      "Properties": {
        "AccessControl": "Private",
        "WebsiteConfiguration": {
          "IndexDocument": "index.html",
          "ErrorDocument": "error.html"
        },
        "Tags": [
          {
            "Key": "GithubRepo",
            "Value": "https://github.com/miztiik/cfn-challenges"
          },
          {
            "Key": "LearnCdk",
            "Value": "https://www.udemy.com/course/aws-cloud-development-kit-from-beginner-to-professional"
          },
          {
            "Key": "Owner",
            "Value": "Mystique"
          },
          {
            "Key": "OwnerProfile",
            "Value": "https://github.com/miztiik"
          },
          {
            "Key": "ToKnowMore",
            "Value": "https://youtube.com/c/valaxytechnologies"
          }
        ]
      },
      "DeletionPolicy": "Retain"
    }
  },
  "Outputs": {
    "LearnCDK": {
      "Description": "Stop Writing Cloudformation.Infrastructure Is Code:Learn CDK",
      "Value": "https://www.udemy.com/course/aws-cloud-development-kit-from-beginner-to-professional/?referralCode=E15D7FB64E417C547579"
    },
    "WebsiteURL": {
      "Value": {
        "Fn::GetAtt": [
          "S3Bucket",
          "WebsiteURL"
        ]
      },
      "Description": "URL for website hosted on S3"
    },
    "S3BucketSecureURL": {
      "Value": {
        "Fn::Join": [
          "",
          [
            "https://",
            {
              "Fn::GetAtt": [
                "S3Bucket",
                "DomainName"
              ]
            }
          ]
        ]
      },
      "Description": "Name of S3 bucket to hold website content"
    }
  }
}