{
    "AWSTemplateFormatVersion": "2010-09-09",
    "Description": "Miztiik Automation Template multi-tier-vpc.template. The first subnet is public and contains a NAT device for internet access from the private subnet.",
    "Parameters": {
        "SSHFrom": {
            "Description": "Lockdown SSH access to the host (default can be accessed from anywhere)",
            "Type": "String",
            "MinLength": "9",
            "MaxLength": "18",
            "Default": "0.0.0.0/0",
            "AllowedPattern": "(\\d{1,3})\\.(\\d{1,3})\\.(\\d{1,3})\\.(\\d{1,3})/(\\d{1,2})",
            "ConstraintDescription": "must be a valid CIDR range of the form x.x.x.x/x."
        }
    },
    "Mappings": {
        "SubnetConfig": {
            "VPC": {
                "CIDR": "10.0.0.0/16"
            },
            "Public": {
                "CIDR": "10.0.0.0/24"
            },
            "Private": {
                "CIDR": "10.0.1.0/24"
            }
        }
    },
    "Resources": {
        "VPC": {
            "Type": "AWS::EC2::VPC",
            "Properties": {
                "CidrBlock": {
                    "Fn::FindInMap": [
                        "SubnetConfig",
                        "VPC",
                        "CIDR"
                    ]
                },
                "Tags": [
                    {
                        "Key": "Application",
                        "Value": {
                            "Ref": "AWS::StackId"
                        }
                    },
                    {
                        "Key": "Network",
                        "Value": "Public"
                    },
                    {
                        "Key": "GithubRepo",
                        "Value": "https://github.com/miztiik/cfn-challenges"
                    },
                    {
                        "Key": "LearnCdk",
                        "Value": "https://www.udemy.com/course/aws-cloud-development-kit-from-beginner-to-professional"
                    },
                    {
                        "Key": "Owner",
                        "Value": "Mystique"
                    },
                    {
                        "Key": "OwnerProfile",
                        "Value": "https://github.com/miztiik"
                    },
                    {
                        "Key": "ToKnowMore",
                        "Value": "https://youtube.com/c/valaxytechnologies"
                    }
                ]
            }
        },
        "PublicSubnet": {
            "Type": "AWS::EC2::Subnet",
            "Properties": {
                "VpcId": {
                    "Ref": "VPC"
                },
                "CidrBlock": {
                    "Fn::FindInMap": [
                        "SubnetConfig",
                        "Public",
                        "CIDR"
                    ]
                },
                "Tags": [
                    {
                        "Key": "Application",
                        "Value": {
                            "Ref": "AWS::StackId"
                        }
                    },
                    {
                        "Key": "Network",
                        "Value": "Public"
                    }
                ]
            }
        },
        "InternetGateway": {
            "Type": "AWS::EC2::InternetGateway",
            "Properties": {
                "Tags": [
                    {
                        "Key": "Application",
                        "Value": {
                            "Ref": "AWS::StackId"
                        }
                    },
                    {
                        "Key": "Network",
                        "Value": "Public"
                    }
                ]
            }
        },
        "GatewayToInternet": {
            "Type": "AWS::EC2::VPCGatewayAttachment",
            "Properties": {
                "VpcId": {
                    "Ref": "VPC"
                },
                "InternetGatewayId": {
                    "Ref": "InternetGateway"
                }
            }
        },
        "PublicRouteTable": {
            "Type": "AWS::EC2::RouteTable",
            "Properties": {
                "VpcId": {
                    "Ref": "VPC"
                },
                "Tags": [
                    {
                        "Key": "Application",
                        "Value": {
                            "Ref": "AWS::StackId"
                        }
                    },
                    {
                        "Key": "Network",
                        "Value": "Public"
                    }
                ]
            }
        },
        "PublicRoute": {
            "Type": "AWS::EC2::Route",
            "DependsOn": "GatewayToInternet",
            "Properties": {
                "RouteTableId": {
                    "Ref": "PublicRouteTable"
                },
                "DestinationCidrBlock": "0.0.0.0/0",
                "GatewayId": {
                    "Ref": "InternetGateway"
                }
            }
        },
        "PublicSubnetRouteTableAssociation": {
            "Type": "AWS::EC2::SubnetRouteTableAssociation",
            "Properties": {
                "SubnetId": {
                    "Ref": "PublicSubnet"
                },
                "RouteTableId": {
                    "Ref": "PublicRouteTable"
                }
            }
        },
        "PublicNetworkAcl": {
            "Type": "AWS::EC2::NetworkAcl",
            "Properties": {
                "VpcId": {
                    "Ref": "VPC"
                },
                "Tags": [
                    {
                        "Key": "Application",
                        "Value": {
                            "Ref": "AWS::StackId"
                        }
                    },
                    {
                        "Key": "Network",
                        "Value": "Public"
                    }
                ]
            }
        },
        "InboundHTTPPublicNetworkAclEntry": {
            "Type": "AWS::EC2::NetworkAclEntry",
            "Properties": {
                "NetworkAclId": {
                    "Ref": "PublicNetworkAcl"
                },
                "RuleNumber": "100",
                "Protocol": "6",
                "RuleAction": "allow",
                "Egress": "false",
                "CidrBlock": "0.0.0.0/0",
                "PortRange": {
                    "From": "80",
                    "To": "80"
                }
            }
        },
        "InboundHTTPSPublicNetworkAclEntry": {
            "Type": "AWS::EC2::NetworkAclEntry",
            "Properties": {
                "NetworkAclId": {
                    "Ref": "PublicNetworkAcl"
                },
                "RuleNumber": "101",
                "Protocol": "6",
                "RuleAction": "allow",
                "Egress": "false",
                "CidrBlock": "0.0.0.0/0",
                "PortRange": {
                    "From": "443",
                    "To": "443"
                }
            }
        },
        "InboundSSHPublicNetworkAclEntry": {
            "Type": "AWS::EC2::NetworkAclEntry",
            "Properties": {
                "NetworkAclId": {
                    "Ref": "PublicNetworkAcl"
                },
                "RuleNumber": "102",
                "Protocol": "6",
                "RuleAction": "allow",
                "Egress": "false",
                "CidrBlock": {
                    "Ref": "SSHFrom"
                },
                "PortRange": {
                    "From": "22",
                    "To": "22"
                }
            }
        },
        "InboundEmphemeralPublicNetworkAclEntry": {
            "Type": "AWS::EC2::NetworkAclEntry",
            "Properties": {
                "NetworkAclId": {
                    "Ref": "PublicNetworkAcl"
                },
                "RuleNumber": "103",
                "Protocol": "6",
                "RuleAction": "allow",
                "Egress": "false",
                "CidrBlock": "0.0.0.0/0",
                "PortRange": {
                    "From": "1024",
                    "To": "65535"
                }
            }
        },
        "OutboundPublicNetworkAclEntry": {
            "Type": "AWS::EC2::NetworkAclEntry",
            "Properties": {
                "NetworkAclId": {
                    "Ref": "PublicNetworkAcl"
                },
                "RuleNumber": "100",
                "Protocol": "6",
                "RuleAction": "allow",
                "Egress": "true",
                "CidrBlock": "0.0.0.0/0",
                "PortRange": {
                    "From": "0",
                    "To": "65535"
                }
            }
        },
        "PublicSubnetNetworkAclAssociation": {
            "Type": "AWS::EC2::SubnetNetworkAclAssociation",
            "Properties": {
                "SubnetId": {
                    "Ref": "PublicSubnet"
                },
                "NetworkAclId": {
                    "Ref": "PublicNetworkAcl"
                }
            }
        },
        "PrivateSubnet": {
            "Type": "AWS::EC2::Subnet",
            "Properties": {
                "VpcId": {
                    "Ref": "VPC"
                },
                "CidrBlock": {
                    "Fn::FindInMap": [
                        "SubnetConfig",
                        "Private",
                        "CIDR"
                    ]
                },
                "Tags": [
                    {
                        "Key": "Application",
                        "Value": {
                            "Ref": "AWS::StackId"
                        }
                    },
                    {
                        "Key": "Network",
                        "Value": "Private"
                    }
                ]
            }
        },
        "PrivateRouteTable": {
            "Type": "AWS::EC2::RouteTable",
            "Properties": {
                "VpcId": {
                    "Ref": "VPC"
                },
                "Tags": [
                    {
                        "Key": "Application",
                        "Value": {
                            "Ref": "AWS::StackId"
                        }
                    },
                    {
                        "Key": "Network",
                        "Value": "Private"
                    }
                ]
            }
        },
        "PrivateSubnetRouteTableAssociation": {
            "Type": "AWS::EC2::SubnetRouteTableAssociation",
            "Properties": {
                "SubnetId": {
                    "Ref": "PrivateSubnet"
                },
                "RouteTableId": {
                    "Ref": "PrivateRouteTable"
                }
            }
        },
        "PrivateRoute": {
            "Type": "AWS::EC2::Route",
            "Properties": {
                "RouteTableId": {
                    "Ref": "PrivateRouteTable"
                },
                "DestinationCidrBlock": "0.0.0.0/0",
                "GatewayId": {
                    "Ref": "InternetGateway"
                }
            }
        },
        "PrivateNetworkAcl": {
            "Type": "AWS::EC2::NetworkAcl",
            "Properties": {
                "VpcId": {
                    "Ref": "VPC"
                },
                "Tags": [
                    {
                        "Key": "Application",
                        "Value": {
                            "Ref": "AWS::StackId"
                        }
                    },
                    {
                        "Key": "Network",
                        "Value": "Private"
                    }
                ]
            }
        },
        "InboundPrivateNetworkAclEntry": {
            "Type": "AWS::EC2::NetworkAclEntry",
            "Properties": {
                "NetworkAclId": {
                    "Ref": "PrivateNetworkAcl"
                },
                "RuleNumber": "100",
                "Protocol": "6",
                "RuleAction": "allow",
                "Egress": "false",
                "CidrBlock": "0.0.0.0/0",
                "PortRange": {
                    "From": "0",
                    "To": "65535"
                }
            }
        },
        "OutBoundPrivateNetworkAclEntry": {
            "Type": "AWS::EC2::NetworkAclEntry",
            "Properties": {
                "NetworkAclId": {
                    "Ref": "PrivateNetworkAcl"
                },
                "RuleNumber": "100",
                "Protocol": "6",
                "RuleAction": "allow",
                "Egress": "true",
                "CidrBlock": "0.0.0.0/0",
                "PortRange": {
                    "From": "0",
                    "To": "65535"
                }
            }
        },
        "PrivateSubnetNetworkAclAssociation": {
            "Type": "AWS::EC2::SubnetNetworkAclAssociation",
            "Properties": {
                "SubnetId": {
                    "Ref": "PrivateSubnet"
                },
                "NetworkAclId": {
                    "Ref": "PrivateNetworkAcl"
                }
            }
        },
        "NATGW": {
            "Type": "AWS::EC2::NatGateway",
            "Properties": {
                "AllocationId": {
                    "Fn::GetAtt": [
                        "NATIPAddress",
                        "AllocationId"
                    ]
                },
                "SubnetId": {
                    "Ref": "PublicSubnet"
                },
                "Tags": [
                    {
                        "Key": "Miztiik",
                        "Value": "Automation"
                    }
                ]
            }
        },
        "NATIPAddress": {
            "DependsOn": "GatewayToInternet",
            "Type": "AWS::EC2::EIP",
            "Properties": {
                "Domain": "vpc"
            }
        },
        "NATSecurityGroup": {
            "Type": "AWS::EC2::SecurityGroup",
            "Properties": {
                "GroupDescription": "Enable internal access to the NAT device",
                "VpcId": {
                    "Ref": "VPC"
                },
                "SecurityGroupIngress": [
                    {
                        "IpProtocol": "tcp",
                        "FromPort": "80",
                        "ToPort": "80",
                        "CidrIp": "0.0.0.0/0"
                    },
                    {
                        "IpProtocol": "tcp",
                        "FromPort": "443",
                        "ToPort": "443",
                        "CidrIp": "0.0.0.0/0"
                    }
                ],
                "SecurityGroupEgress": [
                    {
                        "IpProtocol": "tcp",
                        "FromPort": "80",
                        "ToPort": "80",
                        "CidrIp": "0.0.0.0/0"
                    },
                    {
                        "IpProtocol": "tcp",
                        "FromPort": "443",
                        "ToPort": "443",
                        "CidrIp": "0.0.0.0/0"
                    }
                ]
            }
        }
    },
    "Outputs": {
        "LearnCDK": {
            "Description": "Stop Writing Cloudformation.Infrastructure Is Code:Learn CDK",
            "Value": "https://www.udemy.com/course/aws-cloud-development-kit-from-beginner-to-professional/?referralCode=E15D7FB64E417C547579"
        },
        "VPCId": {
            "Description": "VPCId of the newly created VPC",
            "Value": {
                "Ref": "VPC"
            }
        }
    }
}